Average Position,Time
0.1762677,0
0.189679,0.2
0.2196229,0.4
0.2581761,0.6
0.3255756,0.8
0.3983259,1
0.4699786,1.2
0.5387844,1.4
0.6070757,1.6
0.6739264,1.8
0.7389249,2
0.8032374,2.2
0.8660064,2.4
0.9114196,2.6
0.9437645,2.8
0.9714103,3
0.9888347,3.2
0.9953517,3.4
1.0011484,3.6
1.0050586,3.8
